"Language","original","english","czech","german","russian","polish","hungarian","italian","spanish","french","chinese","japanese","portuguese","chinesesimp",
"alp_booltrue","Yes","Yes","Ano","Yes","Yes","Yes","Yes","Yes","Yes","Yes","Yes","Yes","Yes","Yes",
"alp_boolfalse","No","No","Ne","No","No","No","No","No","No","No","No","No","No","No",
"STR_menuInfoSites","Info about server","Info about server","Informace o serveru","Info about server","Info about server","Info about server","Info about server","Info about server","Info about server","Info about server","Info about server","Info about server","Info about server","Info about server",
"STR_menuPlayerCharacter","Info about you","Info about you","Informace o tvé postavě","Info about you","Info about you","Info about you","Info about you","Info about you","Info about you","Info about you","Info about you","Info about you","Info about you","Info about you",
"STR_koruny_description","Unofficial currencie after global apocalypse","Unofficial currencie after global apocalypse","Neoficiální měna po globální katastrofě","Unofficial currencie after global apocalypse","Unofficial currencie after global apocalypse","Unofficial currencie after global apocalypse","Unofficial currencie after global apocalypse","Unofficial currencie after global apocalypse","Unofficial currencie after global apocalypse","Unofficial currencie after global apocalypse","Unofficial currencie after global apocalypse","Unofficial currencie after global apocalypse","Unofficial currencie after global apocalypse","Unofficial currencie after global apocalypse",
"STR_koruny_name","CZK","CZK","Kč","CZK","CZK","CZK","CZK","CZK","CZK","CZK","CZK","CZK","CZK","CZK",
"STR_korunyRare_description","Gold 'business' coins not minted for normal circulation","Gold 'business' coins not minted for normal circulation","Zlaté 'obchodní' mince neražené pro běžný oběh","Gold 'business' coins not minted for normal circulation","Gold 'business' coins not minted for normal circulation","Gold 'business' coins not minted for normal circulation","Gold 'business' coins not minted for normal circulation","Gold 'business' coins not minted for normal circulation","Gold 'business' coins not minted for normal circulation","Gold 'business' coins not minted for normal circulation","Gold 'business' coins not minted for normal circulation","Gold 'business' coins not minted for normal circulation","Gold 'business' coins not minted for normal circulation","Gold 'business' coins not minted for normal circulation",
"STR_korunyRare1_name","Golden ducat","Golden ducat","Zlatý dukát","Golden ducat","Golden ducat","Golden ducat","Golden ducat","Golden ducat","Golden ducat","Golden ducat","Golden ducat","Golden ducat","Golden ducat","Golden ducat",
"STR_alp_anabolic0","Anabolic steroids","Anabolic steroids","Anabolické steroidy","Anabolic steroids","Anabolic steroids","Anabolic steroids","Anabolic steroids","Anabolic steroids","Anabolic steroids","Anabolic steroids","Anabolic steroids","Anabolic steroids","Anabolic steroids","Anabolic steroids",
"STR_alp_anabolic1","Anabolic steroids are synthetic, or human-made, variations of the male sex hormone testosterone.","Anabolic steroids are synthetic, or human-made, variations of the male sex hormone testosterone.","Anabolické steroidy neboli anabolické androgenní steroidy jsou syntetické deriváty látky podobné mužskému hormonu testosteronu.","Anabolic steroids are synthetic, or human-made, variations of the male sex hormone testosterone.","Anabolic steroids are synthetic, or human-made, variations of the male sex hormone testosterone.","Anabolic steroids are synthetic, or human-made, variations of the male sex hormone testosterone.","Anabolic steroids are synthetic, or human-made, variations of the male sex hormone testosterone.","Anabolic steroids are synthetic, or human-made, variations of the male sex hormone testosterone.","Anabolic steroids are synthetic, or human-made, variations of the male sex hormone testosterone.","Anabolic steroids are synthetic, or human-made, variations of the male sex hormone testosterone.","Anabolic steroids are synthetic, or human-made, variations of the male sex hormone testosterone.","Anabolic steroids are synthetic, or human-made, variations of the male sex hormone testosterone.","Anabolic steroids are synthetic, or human-made, variations of the male sex hormone testosterone.","Anabolic steroids are synthetic, or human-made, variations of the male sex hormone testosterone.",
"STR_alp_lifeinsurance","Life insurance","Life insurance","Životní pojištění","Life insurance","Life insurance","Life insurance","Life insurance","Life insurance","Life insurance","Life insurance","Life insurance","Life insurance","Life insurance","Life insurance",
"STR_alp_lifeinsurance_desc","Days till expiration","Days till expiration","Počet dní do vypršení platnosti","Days till expiration","Days till expiration","Days till expiration","Days till expiration","Days till expiration","Days till expiration","Days till expiration","Days till expiration","Days till expiration","Days till expiration","Days till expiration",
"STR_alp_lifeinsurance_expired","Expired","Expired","Platnost vypršela","Expired","Expired","Expired","Expired","Expired","Expired","Expired","Expired","Expired","Expired","Expired",
"STR_alp_plotpole","Plot pole","Plot pole","Pozemková značka","Plot pole","Plot pole","Plot pole","Plot pole","Plot pole","Plot pole","Plot pole","Plot pole","Plot pole","Plot pole","Plot pole",
"STR_alp_plotpole_desc","It secures your territory from enemies. No one can't placing objects, getting out of vehicles and building in this area, except of your clan mates.","It secures your territory from enemies. No one can't placing objects, getting out of vehicles and building in this area, except of your clan mates.","Zabezpečuje vaše území před nepřáteli. Nikdo nemůže umisťovat předměty, vystupovat z vozidel a stavět v této oblasti, kromě vašich klanových kamarádů.","It secures your territory from enemies. No one can't placing objects, getting out of vehicles and building in this area, except of your clan mates.","It secures your territory from enemies. No one can't placing objects, getting out of vehicles and building in this area, except of your clan mates.","It secures your territory from enemies. No one can't placing objects, getting out of vehicles and building in this area, except of your clan mates.","It secures your territory from enemies. No one can't placing objects, getting out of vehicles and building in this area, except of your clan mates.","It secures your territory from enemies. No one can't placing objects, getting out of vehicles and building in this area, except of your clan mates.","It secures your territory from enemies. No one can't placing objects, getting out of vehicles and building in this area, except of your clan mates.","It secures your territory from enemies. No one can't placing objects, getting out of vehicles and building in this area, except of your clan mates.","It secures your territory from enemies. No one can't placing objects, getting out of vehicles and building in this area, except of your clan mates.","It secures your territory from enemies. No one can't placing objects, getting out of vehicles and building in this area, except of your clan mates.","It secures your territory from enemies. No one can't placing objects, getting out of vehicles and building in this area, except of your clan mates.","It secures your territory from enemies. No one can't placing objects, getting out of vehicles and building in this area, except of your clan mates.",
"trader_buing_title","Here is all I have.","Here is all I have.","Tady je vše co mám.","Here is all I have.","Here is all I have.","Here is all I have.","Here is all I have.","Here is all I have.","Here is all I have.","Here is all I have.","Here is all I have.","Here is all I have.","Here is all I have.","Here is all I have.",
"trader_selling_title","I give you best price for it...","I give you best price for it...","Neboj neošidím tě...","I give you best price for it...","I give you best price for it...","I give you best price for it...","I give you best price for it...","I give you best price for it...","I give you best price for it...","I give you best price for it...","I give you best price for it...","I give you best price for it...","I give you best price for it...","I give you best price for it...",
"trader_list_name","Item name","Item name","Název předmětu","Item name","Item name","Item name","Item name","Item name","Item name","Item name","Item name","Item name","Item name","Item name",
"trader_list_requiredlevel","Required Tier","Required Tier","Požadovaná úroveň","Required Tier","Required Tier","Required Tier","Required Tier","Required Tier","Required Tier","Required Tier","Required Tier","Required Tier","Required Tier","Required Tier",
"trader_list_Bcost","Purchase price","Purchase price","Nákup","Purchase price","Purchase price","Purchase price","Purchase price","Purchase price","Purchase price","Purchase price","Purchase price","Purchase price","Purchase price","Purchase price",
"trader_list_Scost","Selling price","Selling price","Prodej","Selling price","Selling price","Selling price","Selling price","Selling price","Selling price","Selling price","Selling price","Selling price","Selling price","Selling price",
"trader_list_stock","In stock","In stock","Na skladě","In stock","In stock","In stock","In stock","In stock","In stock","In stock","In stock","In stock","In stock","In stock",
"trader_list_plus","+","+","+","+","+","+","+","+","+","+","+","+","+","+",
"trader_list_minus","-","-","-","-","-","-","-","-","-","-","-","-","-","-",
"trader_list_cart","In cart","In cart","V košíku","In cart","In cart","In cart","In cart","In cart","In cart","In cart","In cart","In cart","In cart","In cart",
"trader_store_title","Warehouse","Warehouse","Sklad zboží","Warehouse","Warehouse","Warehouse","Warehouse","Warehouse","Warehouse","Warehouse","Warehouse","Warehouse","Warehouse","Warehouse",
"trader_category_title","Category","Category","Kategorie","Category","Category","Category","Category","Category","Category","Category","Category","Category","Category","Category",
"trader_filtr_title","Filter","Filter","Filtr","Filter","Filter","Filter","Filter","Filter","Filter","Filter","Filter","Filter","Filter","Filter",
"trader_cart_clear","Empty the cart","Empty the cart","Vysypat košík","Empty the cart","Empty the cart","Empty the cart","Empty the cart","Empty the cart","Empty the cart","Empty the cart","Empty the cart","Empty the cart","Empty the cart","Empty the cart",
"trader_cart_confirm","Confirm","Confirm","Potvrdit","Confirm","Confirm","Confirm","Confirm","Confirm","Confirm","Confirm","Confirm","Confirm","Confirm","Confirm",
"trader_cart_money","Cash","Cash","Hotovost","Cash","Cash","Cash","Cash","Cash","Cash","Cash","Cash","Cash","Cash","Cash",
"trader_cart_items","Count of items","Count of items","Položek v košíku","Count of items","Count of items","Count of items","Count of items","Count of items","Count of items","Count of items","Count of items","Count of items","Count of items","Count of items",
"trader_cart_costs","Bill","Bill","Účet","Bill","Bill","Bill","Bill","Bill","Bill","Bill","Bill","Bill","Bill","Bill",
"trader_cart_balance","Balance","Balance","Zůstatek","Balance","Balance","Balance","Balance","Balance","Balance","Balance","Balance","Balance","Balance","Balance",
"trader_info_loading","Loading data","Loading data","Nahrávám data","Loading data","Loading data","Loading data","Loading data","Loading data","Loading data","Loading data","Loading data","Loading data","Loading data","Loading data",
"trader_info_true","Transaction was successful.","Transaction was successful.","Transakce proběhla v pořádku.","Transaction was successful.","Transaction was successful.","Transaction was successful.","Transaction was successful.","Transaction was successful.","Transaction was successful.","Transaction was successful.","Transaction was successful.","Transaction was successful.","Transaction was successful.","Transaction was successful.",
"trader_info_false","Some items couldn't be traded.","Some items couldn't be traded.","Některé položky nebyly zobchodovány.","Some items couldn't be traded.","Some items couldn't be traded.","Some items couldn't be traded.","Some items couldn't be traded.","Some items couldn't be traded.","Some items couldn't be traded.","Some items couldn't be traded.","Some items couldn't be traded.","Some items couldn't be traded.","Some items couldn't be traded.","Some items couldn't be traded.",
"trader_info_tip","LMB add item into the cart. MMB info about item. RMB remove item from the cart.","LMB add item into the cart. MMB info about item. RMB remove item from the cart.","LMB přidat do košíku. MMB náhled produktu. RMB odebrat z košíku.","LMB add item into the cart. MMB info about item. RMB remove item from the cart.","LMB add item into the cart. MMB info about item. RMB remove item from the cart.","LMB add item into the cart. MMB info about item. RMB remove item from the cart.","LMB add item into the cart. MMB info about item. RMB remove item from the cart.","LMB add item into the cart. MMB info about item. RMB remove item from the cart.","LMB add item into the cart. MMB info about item. RMB remove item from the cart.","LMB add item into the cart. MMB info about item. RMB remove item from the cart.","LMB add item into the cart. MMB info about item. RMB remove item from the cart.","LMB add item into the cart. MMB info about item. RMB remove item from the cart.","LMB add item into the cart. MMB info about item. RMB remove item from the cart.","LMB add item into the cart. MMB info about item. RMB remove item from the cart.",
"trader_buing","How can I serve you?","How can I serve you?","Tak co by sis přál?","How can I serve you?","How can I serve you?","How can I serve you?","How can I serve you?","How can I serve you?","How can I serve you?","How can I serve you?","How can I serve you?","How can I serve you?","How can I serve you?","How can I serve you?",
"trader_info_noroom","You don´t have place in inventory.","You don´t have place in inventory.","Nemáš místo v inventáři.","You don´t have place in inventory.","You don´t have place in inventory.","You don´t have place in inventory.","You don´t have place in inventory.","You don´t have place in inventory.","You don´t have place in inventory.","You don´t have place in inventory.","You don´t have place in inventory.","You don´t have place in inventory.","You don´t have place in inventory.","You don´t have place in inventory.",
"trader_info_notpossible","Not possible.","Not possible.","Nedostupné.","Not possible.","Not possible.","Not possible.","Not possible.","Not possible.","Not possible.","Not possible.","Not possible.","Not possible.","Not possible.","Not possible.",
"trader_enter","You are in trade zone.","You are in trade zone.","Jsi v obchodní zóně.","You are in trade zone.","You are in trade zone.","You are in trade zone.","You are in trade zone.","You are in trade zone.","You are in trade zone.","You are in trade zone.","You are in trade zone.","You are in trade zone.","You are in trade zone.","You are in trade zone.",
"trader_left","You left trade zone.","You left trade zone.","Opustil si obchodní zónu.","You left trade zone.","You left trade zone.","You left trade zone.","You left trade zone.","You left trade zone.","You left trade zone.","You left trade zone.","You left trade zone.","You left trade zone.","You left trade zone.","You left trade zone.",
"trader_selling","Yeah I buy what you have...","Yeah I buy what you have...","Jo jo koupím co máš...","Yeah I buy what you have...","Yeah I buy what you have...","Yeah I buy what you have...","Yeah I buy what you have...","Yeah I buy what you have...","Yeah I buy what you have...","Yeah I buy what you have...","Yeah I buy what you have...","Yeah I buy what you have...","Yeah I buy what you have...","Yeah I buy what you have...",
"trader_selling_cat_vehicle","Vehicle","Vehicle","Dopravní prostředek","Vehicle","Vehicle","Vehicle","Vehicle","Vehicle","Vehicle","Vehicle","Vehicle","Vehicle","Vehicle","Vehicle",
"trader_selling_cat_vehicleInv","Vehicle inventory","Vehicle inventory","Inventář auta","Vehicle inventory","Vehicle inventory","Vehicle inventory","Vehicle inventory","Vehicle inventory","Vehicle inventory","Vehicle inventory","Vehicle inventory","Vehicle inventory","Vehicle inventory","Vehicle inventory",
"trader_selling_cat_inventory","Your inventory","Your inventory","Tvůj inventář","Your inventory","Your inventory","Your inventory","Your inventory","Your inventory","Your inventory","Your inventory","Your inventory","Your inventory","Your inventory","Your inventory",
"tc_clothes","Clothes","Clothes","Oblečení","Clothes","Clothes","Clothes","Clothes","Clothes","Clothes","Clothes","Clothes","Clothes","Clothes","Clothes",
"tc_military","Military","Military","Vojenské","Military","Military","Military","Military","Military","Military","Military","Military","Military","Military","Military",
"tc_food","Food","Food","Občerstvení","Food","Food","Food","Food","Food","Food","Food","Food","Food","Food","Food",
"tc_tools","Tools","Tools","Nástroje","Tools","Tools","Tools","Tools","Tools","Tools","Tools","Tools","Tools","Tools","Tools",
"tc_vehicles","Vehicles","Vehicles","Vozidla","Vehicles","Vehicles","Vehicles","Vehicles","Vehicles","Vehicles","Vehicles","Vehicles","Vehicles","Vehicles","Vehicles",
"tc_hunting","Hunting","Hunting","Lovecké","Hunting","Hunting","Hunting","Hunting","Hunting","Hunting","Hunting","Hunting","Hunting","Hunting","Hunting",
"tc_ammo","Ammo","Ammo","Munice","Ammo","Ammo","Ammo","Ammo","Ammo","Ammo","Ammo","Ammo","Ammo","Ammo","Ammo",
"tc_civil","Civil","Civil","Civilní","Civil","Civil","Civil","Civil","Civil","Civil","Civil","Civil","Civil","Civil","Civil",
"tc_constructing","Constructing","Constructing","Stavění","Constructing","Constructing","Constructing","Constructing","Constructing","Constructing","Constructing","Constructing","Constructing","Constructing","Constructing",
"tc_canned","Canned","Canned","Konzervované","Canned","Canned","Canned","Canned","Canned","Canned","Canned","Canned","Canned","Canned","Canned",
"tc_drinks","Drinks","Drinks","Nápoje","Drinks","Drinks","Drinks","Drinks","Drinks","Drinks","Drinks","Drinks","Drinks","Drinks","Drinks",
"tc_eletronics","Eletronics","Eletronics","Elektronika","Eletronics","Eletronics","Eletronics","Eletronics","Eletronics","Eletronics","Eletronics","Eletronics","Eletronics","Eletronics","Eletronics",
"tc_equipments","Equipments","Equipments","Vybavení","Equipments","Equipments","Equipments","Equipments","Equipments","Equipments","Equipments","Equipments","Equipments","Equipments","Equipments",
"tc_fresh","Fresh","Fresh","Čerstvé","Fresh","Fresh","Fresh","Fresh","Fresh","Fresh","Fresh","Fresh","Fresh","Fresh","Fresh",
"tc_gardening","Gardening","Gardening","Zahradničení","Gardening","Gardening","Gardening","Gardening","Gardening","Gardening","Gardening","Gardening","Gardening","Gardening","Gardening",
"tc_grenade","Grenades","Grenades","Granáty","Grenades","Grenades","Grenades","Grenades","Grenades","Grenades","Grenades","Grenades","Grenades","Grenades","Grenades",
"tc_explosives","Explosives","Explosives","Výbušniny","Explosives","Explosives","Explosives","Explosives","Explosives","Explosives","Explosives","Explosives","Explosives","Explosives","Explosives",
"tc_mines","Mines","Mines","Miny","Mines","Mines","Mines","Mines","Mines","Mines","Mines","Mines","Mines","Mines","Mines",
"tc_magazines","Magazines","Magazines","Zásobníky","Magazines","Magazines","Magazines","Magazines","Magazines","Magazines","Magazines","Magazines","Magazines","Magazines","Magazines",
"tc_medic","Medic","Medic","Zdravotnické","Medic","Medic","Medic","Medic","Medic","Medic","Medic","Medic","Medic","Medic","Medic",
"tc_parts","Parts","Parts","Náhradní díly","Parts","Parts","Parts","Parts","Parts","Parts","Parts","Parts","Parts","Parts","Parts",
"tc_weapons","Weapons","Weapons","Zbraně","Weapons","Weapons","Weapons","Weapons","Weapons","Weapons","Weapons","Weapons","Weapons","Weapons","Weapons",
"tc_armband","Armband","Armband","Označování pásky","Armband","Armband","Armband","Armband","Armband","Armband","Armband","Armband","Armband","Armband","Armband",
"tc_assaultrifles","Assault rifles","Assault rifles","Útočné pušky","Assault rifles","Assault rifles","Assault rifles","Assault rifles","Assault rifles","Assault rifles","Assault rifles","Assault rifles","Assault rifles","Assault rifles","Assault rifles",
"tc_attachments","Attachments","Attachments","Příslušenství","Attachments","Attachments","Attachments","Attachments","Attachments","Attachments","Attachments","Attachments","Attachments","Attachments","Attachments",
"tc_axes","Axes","Axes","Sekery","Axes","Axes","Axes","Axes","Axes","Axes","Axes","Axes","Axes","Axes","Axes",
"tc_bags","Bags","Bags","Batohy","Bags","Bags","Bags","Bags","Bags","Bags","Bags","Bags","Bags","Bags","Bags",
"tc_cans","Cans","Cans","Plechovky","Cans","Cans","Cans","Cans","Cans","Cans","Cans","Cans","Cans","Cans","Cans",
"tc_packaged","Packaged","Packaged","Balené","Packaged","Packaged","Packaged","Packaged","Packaged","Packaged","Packaged","Packaged","Packaged","Packaged","Packaged",
"tc_bayonets","Bayonets","Bayonets","Bajonety","Bayonets","Bayonets","Bayonets","Bayonets","Bayonets","Bayonets","Bayonets","Bayonets","Bayonets","Bayonets","Bayonets",
"tc_belts","Belts","Belts","Pásky","Belts","Belts","Belts","Belts","Belts","Belts","Belts","Belts","Belts","Belts","Belts",
"tc_bones","Bones","Bones","Ostatky","Bones","Bones","Bones","Bones","Bones","Bones","Bones","Bones","Bones","Bones","Bones",
"tc_boots","Boots","Boots","Boty","Boots","Boots","Boots","Boots","Boots","Boots","Boots","Boots","Boots","Boots","Boots",
"tc_canisters","Canisters","Canisters","Kanistry","Canisters","Canisters","Canisters","Canisters","Canisters","Canisters","Canisters","Canisters","Canisters","Canisters","Canisters",
"tc_cargo","Cargo","Cargo","Nákladní","Cargo","Cargo","Cargo","Cargo","Cargo","Cargo","Cargo","Cargo","Cargo","Cargo","Cargo",
"tc_compensator","Compensator","Compensator","Kompenzátory","Compensator","Compensator","Compensator","Compensator","Compensator","Compensator","Compensator","Compensator","Compensator","Compensator","Compensator",
"tc_crafting","Crafting","Crafting","Výroba","Crafting","Crafting","Crafting","Crafting","Crafting","Crafting","Crafting","Crafting","Crafting","Crafting","Crafting",
"tc_doors","Doors","Doors","Dveře","Doors","Doors","Doors","Doors","Doors","Doors","Doors","Doors","Doors","Doors","Doors",
"tc_fruits","Fruits","Fruits","Plody","Fruits","Fruits","Fruits","Fruits","Fruits","Fruits","Fruits","Fruits","Fruits","Fruits","Fruits",
"tc_ghillie","Ghillie","Ghillie","Ghillie","Ghillie","Ghillie","Ghillie","Ghillie","Ghillie","Ghillie","Ghillie","Ghillie","Ghillie","Ghillie","Ghillie",
"tc_gloves","Gloves","Gloves","Rukavice","Gloves","Gloves","Gloves","Gloves","Gloves","Gloves","Gloves","Gloves","Gloves","Gloves","Gloves",
"tc_handmade","Handmade","Handmade","Runí výrobky","Handmade","Handmade","Handmade","Handmade","Handmade","Handmade","Handmade","Handmade","Handmade","Handmade","Handmade",
"tc_handtohand","HandToHand","HandToHand","Na férovku","HandToHand","HandToHand","HandToHand","HandToHand","HandToHand","HandToHand","HandToHand","HandToHand","HandToHand","HandToHand","HandToHand",
"tc_head","Head","Head","Hlava","Head","Head","Head","Head","Head","Head","Head","Head","Head","Head","Head",
"tc_hood","Hood","Hood","Kapoty","Hood","Hood","Hood","Hood","Hood","Hood","Hood","Hood","Hood","Hood","Hood",
"tc_knifes","Knifes","Knifes","Nože","Knifes","Knifes","Knifes","Knifes","Knifes","Knifes","Knifes","Knifes","Knifes","Knifes","Knifes",
"tc_lights","Lights","Lights","Světla","Lights","Lights","Lights","Lights","Lights","Lights","Lights","Lights","Lights","Lights","Lights",
"tc_locks","Locks","Locks","Zámky","Locks","Locks","Locks","Locks","Locks","Locks","Locks","Locks","Locks","Locks","Locks",
"tc_mask","Mask","Mask","Masky","Mask","Mask","Mask","Mask","Mask","Mask","Mask","Mask","Mask","Mask","Mask",
"tc_materials","Materials","Materials","Materiál","Materials","Materials","Materials","Materials","Materials","Materials","Materials","Materials","Materials","Materials","Materials",
"tc_meat","Meat","Meat","Maso","Meat","Meat","Meat","Meat","Meat","Meat","Meat","Meat","Meat","Meat","Meat",
"tc_mushrooms","Mushrooms","Mushrooms","Houby","Mushrooms","Mushrooms","Mushrooms","Mushrooms","Mushrooms","Mushrooms","Mushrooms","Mushrooms","Mushrooms","Mushrooms","Mushrooms",
"tc_nbc","NBC","NBC","NBC","NBC","NBC","NBC","NBC","NBC","NBC","NBC","NBC","NBC","NBC","NBC",
"tc_optic","Optics","Optics","Optiky","Optics","Optics","Optics","Optics","Optics","Optics","Optics","Optics","Optics","Optics","Optics",
"tc_pants","Pants","Pants","Kalhoty","Pants","Pants","Pants","Pants","Pants","Pants","Pants","Pants","Pants","Pants","Pants",
"tc_pelts","Pelts","Pelts","Kůže","Pelts","Pelts","Pelts","Pelts","Pelts","Pelts","Pelts","Pelts","Pelts","Pelts","Pelts",
"tc_pistols","Pistols","Pistols","Pistole","Pistols","Pistols","Pistols","Pistols","Pistols","Pistols","Pistols","Pistols","Pistols","Pistols","Pistols",
"tc_radio","Radio","Radio","Radio","Radio","Radio","Radio","Radio","Radio","Radio","Radio","Radio","Radio","Radio","Radio",
"tc_repairs","Repairs","Repairs","Údržba","Repairs","Repairs","Repairs","Repairs","Repairs","Repairs","Repairs","Repairs","Repairs","Repairs","Repairs",
"tc_rifles","Rifles","Rifles","Pušky","Rifles","Rifles","Rifles","Rifles","Rifles","Rifles","Rifles","Rifles","Rifles","Rifles","Rifles",
"tc_seeds","Seeds","Seeds","Sadba","Seeds","Seeds","Seeds","Seeds","Seeds","Seeds","Seeds","Seeds","Seeds","Seeds","Seeds",
"tc_shotguns","Shotguns","Shotguns","Brokovnice","Shotguns","Shotguns","Shotguns","Shotguns","Shotguns","Shotguns","Shotguns","Shotguns","Shotguns","Shotguns","Shotguns",
"tc_skirts","Skirts","Skirts","Sukně","Skirts","Skirts","Skirts","Skirts","Skirts","Skirts","Skirts","Skirts","Skirts","Skirts","Skirts",
"tc_snipers","Snipers","Snipers","Odstřelovačky","Snipers","Snipers","Snipers","Snipers","Snipers","Snipers","Snipers","Snipers","Snipers","Snipers","Snipers",
"tc_storages","Storages","Storages","Úložný prostor","Storages","Storages","Storages","Storages","Storages","Storages","Storages","Storages","Storages","Storages","Storages",
"tc_submachineguns","Submachine guns","Submachine guns","Samopaly","Submachine guns","Submachine guns","Submachine guns","Submachine guns","Submachine guns","Submachine guns","Submachine guns","Submachine guns","Submachine guns","Submachine guns","Submachine guns",
"tc_suppressors","Suppressors","Suppressors","Tlumiče","Suppressors","Suppressors","Suppressors","Suppressors","Suppressors","Suppressors","Suppressors","Suppressors","Suppressors","Suppressors","Suppressors",
"tc_tablets","Tablets","Tablets","Pilulky","Tablets","Tablets","Tablets","Tablets","Tablets","Tablets","Tablets","Tablets","Tablets","Tablets","Tablets",
"tc_tops","Tops","Tops","Svršky","Tops","Tops","Tops","Tops","Tops","Tops","Tops","Tops","Tops","Tops","Tops",
"tc_toys","Toys","Toys","Hračky","Toys","Toys","Toys","Toys","Toys","Toys","Toys","Toys","Toys","Toys","Toys",
"tc_transport","Transport","Transport","Transportní","Transport","Transport","Transport","Transport","Transport","Transport","Transport","Transport","Transport","Transport","Transport",
"tc_trunk","Trunk","Trunk","Kufr","Trunk","Trunk","Trunk","Trunk","Trunk","Trunk","Trunk","Trunk","Trunk","Trunk","Trunk",
"tc_vests","Vests","Vests","Vesty","Vests","Vests","Vests","Vests","Vests","Vests","Vests","Vests","Vests","Vests","Vests",
"tc_water","Water","Water","Voda","Water","Water","Water","Water","Water","Water","Water","Water","Water","Water","Water",
"tc_wheels","Wheels","Wheels","Kola","Wheels","Wheels","Wheels","Wheels","Wheels","Wheels","Wheels","Wheels","Wheels","Wheels","Wheels",
"tc_wrenchs","Wrenchs","Wrenchs","Klíče","Wrenchs","Wrenchs","Wrenchs","Wrenchs","Wrenchs","Wrenchs","Wrenchs","Wrenchs","Wrenchs","Wrenchs","Wrenchs",
"tc_currency","Currency","Currency","Currency","Currency","Currency","Currency","Currency","Currency","Currency","Currency","Currency","Currency","Currency","Currency",
"tc_rareitems","Rare items","Rare items","Rare items","Rare items","Rare items","Rare items","Rare items","Rare items","Rare items","Rare items","Rare items","Rare items","Rare items","Rare items",
"tc_furnishings","Furnishings","Furnishings","Vybavení základny","Furnishings","Furnishings","Furnishings","Furnishings","Furnishings","Furnishings","Furnishings","Furnishings","Furnishings","Furnishings","Furnishings",
"tc_insurance","Life insurance","Life insurance","Životní pojištění","Life insurance","Life insurance","Life insurance","Life insurance","Life insurance","Life insurance","Life insurance","Life insurance","Life insurance","Life insurance","Life insurance",
"tc_machineguns","Machine guns","Machine guns","Kulomety","Machine guns","Machine guns","Machine guns","Machine guns","Machine guns","Machine guns","Machine guns","Machine guns","Machine guns","Machine guns","Machine guns",
"tc_medicaments","Medicaments","Medicaments","Léky","Medicaments","Medicaments","Medicaments","Medicaments","Medicaments","Medicaments","Medicaments","Medicaments","Medicaments","Medicaments","Medicaments",
"tc_camping","Camping","Camping","Kempování","Camping","Camping","Camping","Camping","Camping","Camping","Camping","Camping","Camping","Camping","Camping",
"tc_cooking","Cooking","Cooking","Vaření","Cooking","Cooking","Cooking","Cooking","Cooking","Cooking","Cooking","Cooking","Cooking","Cooking","Cooking",
"tc_groceries","Groceries","Groceries","Smíšené zboží","Groceries","Groceries","Groceries","Groceries","Groceries","Groceries","Groceries","Groceries","Groceries","Groceries","Groceries",
"tc_nvoptic","NV Optics","NV Optics","NV optiky","NV Optics","NV Optics","NV Optics","NV Optics","NV Optics","NV Optics","NV Optics","NV Optics","NV Optics","NV Optics","NV Optics",
"radzone_leave","You left radiation zone.","You left radiation zone.","Opustil si radiační zónu.","You left radiation zone.","You left radiation zone.","You left radiation zone.","You left radiation zone.","You left radiation zone.","You left radiation zone.","You left radiation zone.","You left radiation zone.","You left radiation zone.","You left radiation zone.","You left radiation zone.",
"radzone_enter","Beware you are in radiation zone!","Beware you are in radiation zone!","Pozor jsi v radiační zóně!","Beware you are in radiation zone!","Beware you are in radiation zone!","Beware you are in radiation zone!","Beware you are in radiation zone!","Beware you are in radiation zone!","Beware you are in radiation zone!","Beware you are in radiation zone!","Beware you are in radiation zone!","Beware you are in radiation zone!","Beware you are in radiation zone!","Beware you are in radiation zone!",
"ip_stats","Stats","Stats","Statistiky","Stats","Stats","Stats","Stats","Stats","Stats","Stats","Stats","Stats","Stats","Stats",
"ip_stamina","Stamina","Stamina","Výdrž","Stamina","Stamina","Stamina","Stamina","Stamina","Stamina","Stamina","Stamina","Stamina","Stamina","Stamina",
"ip_resistence","Radiation resistance","Radiation resistance","Odolnost proti radiaci","Radiation resistance","Radiation resistance","Radiation resistance","Radiation resistance","Radiation resistance","Radiation resistance","Radiation resistance","Radiation resistance","Radiation resistance","Radiation resistance","Radiation resistance",
"ip_level","Your current level is ","Your current level is ","Vaše stávající úroveň je ","Your current level is ","Your current level is ","Your current level is ","Your current level is ","Your current level is ","Your current level is ","Your current level is ","Your current level is ","Your current level is ","Your current level is ","Your current level is ",
"ip_staminamdf","Increasing your stamina about ","Increasing your stamina about ","Zvyšuje vaší staminu o ","Increasing your stamina about ","Increasing your stamina about ","Increasing your stamina about ","Increasing your stamina about ","Increasing your stamina about ","Increasing your stamina about ","Increasing your stamina about ","Increasing your stamina about ","Increasing your stamina about ","Increasing your stamina about ","Increasing your stamina about ",
"ip_resistancemdf","Increasing your radiation resistance about ","Increasing your radiation resistance about ","Zvýší vaší odolnost proti radiaci o ","Increasing your radiation resistance about ","Increasing your radiation resistance about ","Increasing your radiation resistance about ","Increasing your radiation resistance about ","Increasing your radiation resistance about ","Increasing your radiation resistance about ","Increasing your radiation resistance about ","Increasing your radiation resistance about ","Increasing your radiation resistance about ","Increasing your radiation resistance about ","Increasing your radiation resistance about ",
"ip_reputationmdf","Unlocking some trader categories and gives you better prices at trader.","Unlocking some trader categories and gives you better prices at trader.","Odemyká položky u obchodníka a zároveň dostaneš lepší ceny.","Unlocking some trader categories and gives you better prices at trader.","Unlocking some trader categories and gives you better prices at trader.","Unlocking some trader categories and gives you better prices at trader.","Unlocking some trader categories and gives you better prices at trader.","Unlocking some trader categories and gives you better prices at trader.","Unlocking some trader categories and gives you better prices at trader.","Unlocking some trader categories and gives you better prices at trader.","Unlocking some trader categories and gives you better prices at trader.","Unlocking some trader categories and gives you better prices at trader.","Unlocking some trader categories and gives you better prices at trader.","Unlocking some trader categories and gives you better prices at trader.",
"ip_health","Health indicators","Health indicators","Ukazatele zdraví","Health indicators","Health indicators","Health indicators","Health indicators","Health indicators","Health indicators","Health indicators","Health indicators","Health indicators","Health indicators","Health indicators",
"ip_reputation","Reputation","Reputation","Reputace","Reputation","Reputation","Reputation","Reputation","Reputation","Reputation","Reputation","Reputation","Reputation","Reputation","Reputation",
"ip_reputation_score","Your current reputation","Your current reputation","Tvá stávající reputace","Your current reputation","Your current reputation","Your current reputation","Your current reputation","Your current reputation","Your current reputation","Your current reputation","Your current reputation","Your current reputation","Your current reputation","Your current reputation",
"ip_reputation_scoremax","Your highest reached reputation","Your highest reached reputation","Vaše nejvyšší dosažená reputace","Your highest reached reputation","Your highest reached reputation","Your highest reached reputation","Your highest reached reputation","Your highest reached reputation","Your highest reached reputation","Your highest reached reputation","Your highest reached reputation","Your highest reached reputation","Your highest reached reputation","Your highest reached reputation",
"ip_ability","Ability","Ability","Schopnosti","Ability","Ability","Ability","Ability","Ability","Ability","Ability","Ability","Ability","Ability","Ability",
"ip_yourmission","Your Mission","Your Mission","Tvé mise","Your Mission","Your Mission","Your Mission","Your Mission","Your Mission","Your Mission","Your Mission","Your Mission","Your Mission","Your Mission","Your Mission",
"ip_teamup","Your Clan","Your Clan","Tvůj Klan","Your Clan","Your Clan","Your Clan","Your Clan","Your Clan","Your Clan","Your Clan","Your Clan","Your Clan","Your Clan","Your Clan",
"ip_sendinvite","Send Invite","Send Invite","Poslat Pozvánku","Send Invite","Send Invite","Send Invite","Send Invite","Send Invite","Send Invite","Send Invite","Send Invite","Send Invite","Send Invite","Send Invite",
"ip_acceptinvite","Accept Invite","Accept Invite","Přijmout Pozvánku","Accept Invite","Accept Invite","Accept Invite","Accept Invite","Accept Invite","Accept Invite","Accept Invite","Accept Invite","Accept Invite","Accept Invite","Accept Invite",
"ip_declinetinvite","Decline Invite","Decline Invite","Odmítnout Pozvánku","Decline Invite","Decline Invite","Decline Invite","Decline Invite","Decline Invite","Decline Invite","Decline Invite","Decline Invite","Decline Invite","Decline Invite","Decline Invite",
"ip_newclan","New Clan","New Clan","Nový Klan","New Clan","New Clan","New Clan","New Clan","New Clan","New Clan","New Clan","New Clan","New Clan","New Clan","New Clan",
"ip_leaveclan","Leave Clan","Leave Clan","Opustit Klan","Leave Clan","Leave Clan","Leave Clan","Leave Clan","Leave Clan","Leave Clan","Leave Clan","Leave Clan","Leave Clan","Leave Clan","Leave Clan",
"ip_kickfromclan","Kick","Kick","Vykopnout","Kick","Kick","Kick","Kick","Kick","Kick","Kick","Kick","Kick","Kick","Kick",
"ip_nameclan","Name of new clan","Name of new clan","Název nového klanu","Name of new clan","Name of new clan","Name of new clan","Name of new clan","Name of new clan","Name of new clan","Name of new clan","Name of new clan","Name of new clan","Name of new clan","Name of new clan",
"ip_playersonline","Players online","Players online","Hráči na serveru","Players online","Players online","Players online","Players online","Players online","Players online","Players online","Players online","Players online","Players online","Players online",
"ip_incominginvitefromclan","You have an invitation","You have an invitation","Máš pozvánku do klanu","You have an invitation","You have an invitation","You have an invitation","You have an invitation","You have an invitation","You have an invitation","You have an invitation","You have an invitation","You have an invitation","You have an invitation","You have an invitation",
"ip_halloffame","Hall of fame","Hall of fame","Síň slávy","Hall of fame","Hall of fame","Hall of fame","Hall of fame","Hall of fame","Hall of fame","Hall of fame","Hall of fame","Hall of fame","Hall of fame","Hall of fame",
"ip_hf_name","Name","Name","Jméno","Name","Name","Name","Name","Name","Name","Name","Name","Name","Name","Name",
"ip_hf_reputation","Reputation","Reputation","Reputace","Reputation","Reputation","Reputation","Reputation","Reputation","Reputation","Reputation","Reputation","Reputation","Reputation","Reputation",
"ip_hf_killedplayers","Killed Players","Killed Players","Zabitých hráčů","Killed Players","Killed Players","Killed Players","Killed Players","Killed Players","Killed Players","Killed Players","Killed Players","Killed Players","Killed Players","Killed Players",
"ip_hf_skinnedplayers","Skinned Players","Skinned Players","Vykuchaných hráčů","Skinned Players","Skinned Players","Skinned Players","Skinned Players","Skinned Players","Skinned Players","Skinned Players","Skinned Players","Skinned Players","Skinned Players","Skinned Players",
"ip_hf_killedzombies","Killed Zombies","Killed Zombies","Zabitých zedů","Killed Zombies","Killed Zombies","Killed Zombies","Killed Zombies","Killed Zombies","Killed Zombies","Killed Zombies","Killed Zombies","Killed Zombies","Killed Zombies","Killed Zombies",
"ip_hf_killedanimals","Killed Animals","Killed Animals","Zabitých zvířat","Killed Animals","Killed Animals","Killed Animals","Killed Animals","Killed Animals","Killed Animals","Killed Animals","Killed Animals","Killed Animals","Killed Animals","Killed Animals",
"ip_rank0","Private","Private","Vojín","Private","Private","Private","Private","Private","Private","Private","Private","Private","Private","Private",
"ip_rank1","Private First Class","Private First Class","Svobodník","Private First Class","Private First Class","Private First Class","Private First Class","Private First Class","Private First Class","Private First Class","Private First Class","Private First Class","Private First Class","Private First Class",
"ip_rank2","Corporal","Corporal","Desátník","Corporal","Corporal","Corporal","Corporal","Corporal","Corporal","Corporal","Corporal","Corporal","Corporal","Corporal",
"ip_rank3","Sergeant","Sergeant","Četař","Sergeant","Sergeant","Sergeant","Sergeant","Sergeant","Sergeant","Sergeant","Sergeant","Sergeant","Sergeant","Sergeant",
"ip_rank4","Staff Sergeant","Staff Sergeant","Rotný","Staff Sergeant","Staff Sergeant","Staff Sergeant","Staff Sergeant","Staff Sergeant","Staff Sergeant","Staff Sergeant","Staff Sergeant","Staff Sergeant","Staff Sergeant","Staff Sergeant",
"ip_rank5","Sergeant First Class","Sergeant First Class","Rotmistr","Sergeant First Class","Sergeant First Class","Sergeant First Class","Sergeant First Class","Sergeant First Class","Sergeant First Class","Sergeant First Class","Sergeant First Class","Sergeant First Class","Sergeant First Class","Sergeant First Class",
"ip_rank6","Master Sergeant","Master Sergeant","Nadrotmistr","Master Sergeant","Master Sergeant","Master Sergeant","Master Sergeant","Master Sergeant","Master Sergeant","Master Sergeant","Master Sergeant","Master Sergeant","Master Sergeant","Master Sergeant",
"ip_rank7","First Sergeant","First Sergeant","Praporčík","First Sergeant","First Sergeant","First Sergeant","First Sergeant","First Sergeant","First Sergeant","First Sergeant","First Sergeant","First Sergeant","First Sergeant","First Sergeant",
"ip_rank8","Command Sergeant Major","Command Sergeant Major","Nadpraporčík","Command Sergeant Major","Command Sergeant Major","Command Sergeant Major","Command Sergeant Major","Command Sergeant Major","Command Sergeant Major","Command Sergeant Major","Command Sergeant Major","Command Sergeant Major","Command Sergeant Major","Command Sergeant Major",
"ip_rank9","Sergeant Major of the Army","Sergeant Major of the Army","Štábní praporčík","Sergeant Major of the Army","Sergeant Major of the Army","Sergeant Major of the Army","Sergeant Major of the Army","Sergeant Major of the Army","Sergeant Major of the Army","Sergeant Major of the Army","Sergeant Major of the Army","Sergeant Major of the Army","Sergeant Major of the Army","Sergeant Major of the Army",
"ip_rank10","Second Lieutenant","Second Lieutenant","Poručík","Second Lieutenant","Second Lieutenant","Second Lieutenant","Second Lieutenant","Second Lieutenant","Second Lieutenant","Second Lieutenant","Second Lieutenant","Second Lieutenant","Second Lieutenant","Second Lieutenant",
"ip_rank11","First Lieutenant","First Lieutenant","Nadporučík","First Lieutenant","First Lieutenant","First Lieutenant","First Lieutenant","First Lieutenant","First Lieutenant","First Lieutenant","First Lieutenant","First Lieutenant","First Lieutenant","First Lieutenant",
"ip_rank12","Captain","Captain","Kapitán","Captain","Captain","Captain","Captain","Captain","Captain","Captain","Captain","Captain","Captain","Captain",
"ip_rank13","Major","Major","Major","Major","Major","Major","Major","Major","Major","Major","Major","Major","Major","Major",
"ip_rank14","Lieutenant Colonel","Lieutenant Colonel","Podplukovník","Lieutenant Colonel","Lieutenant Colonel","Lieutenant Colonel","Lieutenant Colonel","Lieutenant Colonel","Lieutenant Colonel","Lieutenant Colonel","Lieutenant Colonel","Lieutenant Colonel","Lieutenant Colonel","Lieutenant Colonel",
"ip_rank15","Colonel","Colonel","Plukovník","Colonel","Colonel","Colonel","Colonel","Colonel","Colonel","Colonel","Colonel","Colonel","Colonel","Colonel",
"ip_rank16","Brigadier General","Brigadier General","Brigádní generál","Brigadier General","Brigadier General","Brigadier General","Brigadier General","Brigadier General","Brigadier General","Brigadier General","Brigadier General","Brigadier General","Brigadier General","Brigadier General",
"ip_rank17","Major General","Major General","Generálmajor","Major General","Major General","Major General","Major General","Major General","Major General","Major General","Major General","Major General","Major General","Major General",
"ip_rank18","Lieutenant General","Lieutenant General","Generálporučík","Lieutenant General","Lieutenant General","Lieutenant General","Lieutenant General","Lieutenant General","Lieutenant General","Lieutenant General","Lieutenant General","Lieutenant General","Lieutenant General","Lieutenant General",
"ip_rank19","General","General","Armádní generál","General","General","General","General","General","General","General","General","General","General","General",
"ip_you_have_been_promoted_to","You have been promoted to","You have been promoted to","Právě jsi byl povýšen na","You have been promoted to","You have been promoted to","You have been promoted to","You have been promoted to","You have been promoted to","You have been promoted to","You have been promoted to","You have been promoted to","You have been promoted to","You have been promoted to","You have been promoted to",
"ip_you_have_been_degraded_to","You have been degraded to","You have been degraded to","Právě jsi byl degradován na","You have been degraded to","You have been degraded to","You have been degraded to","You have been degraded to","You have been degraded to","You have been degraded to","You have been degraded to","You have been degraded to","You have been degraded to","You have been degraded to","You have been degraded to",
"ip_you_have_improved_your_stamina","You have improved your stamina","You have improved your stamina","Právě sis vylepšil svou fyzickou kondici","You have improved your stamina","You have improved your stamina","You have improved your stamina","You have improved your stamina","You have improved your stamina","You have improved your stamina","You have improved your stamina","You have improved your stamina","You have improved your stamina","You have improved your stamina","You have improved your stamina",
"ip_you_have_gained_natural_radiation_resistance","You have gained natural radiation resistance","You have gained natural radiation resistance","Získal si přirozenou odolnost proti radiačnímu záření","You have gained natural radiation resistance","You have gained natural radiation resistance","You have gained natural radiation resistance","You have gained natural radiation resistance","You have gained natural radiation resistance","You have gained natural radiation resistance","You have gained natural radiation resistance","You have gained natural radiation resistance","You have gained natural radiation resistance","You have gained natural radiation resistance","You have gained natural radiation resistance",
"pp_items_name","Tax","Tax","Poplatek","Tax","Tax","Tax","Tax","Tax","Tax","Tax","Tax","Tax","Tax","Tax",
"pp_items_radius","Radius","Radius","Poloměr","Radius","Radius","Radius","Radius","Radius","Radius","Radius","Radius","Radius","Radius","Radius",
"pp_items_time","Validity","Validity","Platnost","Validity","Validity","Validity","Validity","Validity","Validity","Validity","Validity","Validity","Validity","Validity",
"pp_validthrough","Valid through","Valid through","Platné do","Valid through","Valid through","Valid through","Valid through","Valid through","Valid through","Valid through","Valid through","Valid through","Valid through","Valid through",
"pp_protection","Territory protection","Territory protection","Ochrana území","Territory protection","Territory protection","Territory protection","Territory protection","Territory protection","Territory protection","Territory protection","Territory protection","Territory protection","Territory protection","Territory protection",
"pp_daysremains","Days remains","Days remains","Zbývá dnů","Days remains","Days remains","Days remains","Days remains","Days remains","Days remains","Days remains","Days remains","Days remains","Days remains","Days remains",
"pp_title","Tax Administration","Tax Administration","Daňová správa","Tax Administration","Tax Administration","Tax Administration","Tax Administration","Tax Administration","Tax Administration","Tax Administration","Tax Administration","Tax Administration","Tax Administration","Tax Administration",
"pp_context_menu_pack","Dismantle Plot pole","Dismantle Plot pole","Demontovat pozemkovou zančku","Dismantle Plot pole","Dismantle Plot pole","Dismantle Plot pole","Dismantle Plot pole","Dismantle Plot pole","Dismantle Plot pole","Dismantle Plot pole","Dismantle Plot pole","Dismantle Plot pole","Dismantle Plot pole","Dismantle Plot pole",
"pp_someone_is_trying_to_get_into_your_base","Someone is trying to get into your base.","Someone is trying to get into your base.","Někdo se snaží dostat do vaší základy.","Someone is trying to get into your base.","Someone is trying to get into your base.","Someone is trying to get into your base.","Someone is trying to get into your base.","Someone is trying to get into your base.","Someone is trying to get into your base.","Someone is trying to get into your base.","Someone is trying to get into your base.","Someone is trying to get into your base.","Someone is trying to get into your base.","Someone is trying to get into your base.",
"pp_welcome_home","Welcome home.","Welcome home.","Vítej doma.","Welcome home.","Welcome home.","Welcome home.","Welcome home.","Welcome home.","Welcome home.","Welcome home.","Welcome home.","Welcome home.","Welcome home.","Welcome home.",
"pp_you_are_in_enemy_territory","You are in enemy territory.","You are in enemy territory.","Jsi na nepřátelském území.","You are in enemy territory.","You are in enemy territory.","You are in enemy territory.","You are in enemy territory.","You are in enemy territory.","You are in enemy territory.","You are in enemy territory.","You are in enemy territory.","You are in enemy territory.","You are in enemy territory.","You are in enemy territory.",
"pp_you_left_home","You left home.","You left home.","Opustil si base.","You left home.","You left home.","You left home.","You left home.","You left home.","You left home.","You left home.","You left home.","You left home.","You left home.","You left home.",
"pp_you_left_enemy_territory","You left enemy territory.","You left enemy territory.","Opustil si nepřátelské území.","You left enemy territory.","You left enemy territory.","You left enemy territory.","You left enemy territory.","You left enemy territory.","You left enemy territory.","You left enemy territory.","You left enemy territory.","You left enemy territory.","You left enemy territory.","You left enemy territory.",